"ID","Description","GeneRatio","BgRatio","RichFactor","FoldEnrichment","zScore","pvalue","p.adjust","qvalue","geneID","Count"
"GO:0008216","spermidine metabolic process","1/2","10/25615",0.1,1280.75,35.7673054705305,0.000780655330726465,0.0204825479323952,NA,"Srm",1
"GO:0006596","polyamine biosynthetic process","1/2","14/25615",0.0714285714285714,914.821428571428,30.2218027344397,0.00109283211051403,0.0204825479323952,NA,"Srm",1
"GO:0045652","regulation of megakaryocyte differentiation","1/2","22/25615",0.0454545454545455,582.159090909091,24.0973482195506,0.00171703935151246,0.0204825479323952,NA,"Prmt1",1
"GO:0006595","polyamine metabolic process","1/2","23/25615",0.0434782608695652,556.847826086957,23.5662885861904,0.00179505153927084,0.0204825479323952,NA,"Srm",1
"GO:2000042","negative regulation of double-strand break repair via homologous recombination","1/2","29/25615",0.0344827586206897,441.637931034483,20.9798875577154,0.00226306065144311,0.0204825479323952,NA,"Prmt1",1
"GO:0045648","positive regulation of erythrocyte differentiation","1/2","31/25615",0.032258064516129,413.145161290323,20.2894514191259,0.0024190393024045,0.0204825479323952,NA,"Prmt1",1
"GO:2000780","negative regulation of double-strand break repair","1/2","40/25615",0.025,320.1875,17.8521910267696,0.00312079234069829,0.0204825479323952,NA,"Prmt1",1
"GO:0009309","amine biosynthetic process","1/2","41/25615",0.024390243902439,312.378048780488,17.63210106361,0.00319874965899025,0.0204825479323952,NA,"Srm",1
"GO:0042401","biogenic amine biosynthetic process","1/2","41/25615",0.024390243902439,312.378048780488,17.63210106361,0.00319874965899025,0.0204825479323952,NA,"Srm",1
"GO:0045738","negative regulation of DNA repair","1/2","41/25615",0.024390243902439,312.378048780488,17.63210106361,0.00319874965899025,0.0204825479323952,NA,"Prmt1",1
"GO:0046329","negative regulation of JNK cascade","1/2","42/25615",0.0238095238095238,304.940476190476,17.4199065591238,0.00327670392897861,0.0204825479323952,NA,"Prmt1",1
"GO:0045947","negative regulation of translational initiation","1/2","46/25615",0.0217391304347826,278.423913043478,16.6413828889107,0.00358849052589516,0.0204825479323952,NA,"Prmt1",1
"GO:1905168","positive regulation of double-strand break repair via homologous recombination","1/2","46/25615",0.0217391304347826,278.423913043478,16.6413828889107,0.00358849052589516,0.0204825479323952,NA,"Prmt1",1
"GO:0045646","regulation of erythrocyte differentiation","1/2","53/25615",0.0188679245283019,241.650943396226,15.4971402609225,0.0041339997108073,0.0204825479323952,NA,"Prmt1",1
"GO:0030219","megakaryocyte differentiation","1/2","54/25615",0.0185185185185185,237.175925925926,15.3520742468935,0.0042119174011519,0.0204825479323952,NA,"Prmt1",1
"GO:0031670","cellular response to nutrient","1/2","55/25615",0.0181818181818182,232.863636363636,15.2109745039703,0.00428983204319222,0.0204825479323952,NA,"Prmt1",1
"GO:0006479","protein methylation","1/2","56/25615",0.0178571428571429,228.705357142857,15.073663237407,0.00436774363692916,0.0204825479323952,NA,"Prmt1",1
"GO:0008213","protein alkylation","1/2","56/25615",0.0178571428571429,228.705357142857,15.073663237407,0.00436774363692916,0.0204825479323952,NA,"Prmt1",1
"GO:0045910","negative regulation of DNA recombination","1/2","56/25615",0.0178571428571429,228.705357142857,15.073663237407,0.00436774363692916,0.0204825479323952,NA,"Prmt1",1
"GO:0030514","negative regulation of BMP signaling pathway","1/2","64/25615",0.015625,200.1171875,14.0934805669889,0.00499092664789136,0.0204825479323952,NA,"Prmt1",1
"GO:1904262","negative regulation of TORC1 signaling","1/2","66/25615",0.0151515151515152,194.05303030303,13.876665297335,0.0051466919175952,0.0204825479323952,NA,"Prmt1",1
"GO:0034198","cellular response to amino acid starvation","1/2","67/25615",0.0149253731343284,191.15671641791,13.7719073636018,0.00522456997999177,0.0204825479323952,NA,"Prmt1",1
"GO:0061462","protein localization to lysosome","1/2","68/25615",0.0147058823529412,188.345588235294,13.6694628321275,0.00530244499408428,0.0204825479323952,NA,"Prmt1",1
"GO:1990928","response to amino acid starvation","1/2","72/25615",0.0138888888888889,177.881944444444,13.2811987527578,0.00561391456741811,0.0204825479323952,NA,"Prmt1",1
"GO:1904263","positive regulation of TORC1 signaling","1/2","73/25615",0.0136986301369863,175.445205479452,13.1891404511441,0.00569177433999268,0.0204825479323952,NA,"Prmt1",1
"GO:0045911","positive regulation of DNA recombination","1/2","81/25615",0.0123456790123457,158.117283950617,12.5149904071283,0.00631454278165455,0.0204825479323952,NA,"Prmt1",1
"GO:0010569","regulation of double-strand break repair via homologous recombination","1/2","85/25615",0.0117647058823529,150.676470588235,12.2140885705677,0.00662585384319692,0.0204825479323952,NA,"Prmt1",1
"GO:0032007","negative regulation of TOR signaling","1/2","89/25615",0.0112359550561798,143.904494382022,11.9336414234223,0.00693711613188086,0.0204825479323952,NA,"Prmt1",1
"GO:0006576","biogenic amine metabolic process","1/2","90/25615",0.0111111111111111,142.305555555556,11.8664576023012,0.0070149240832923,0.0204825479323952,NA,"Srm",1
"GO:0045638","negative regulation of myeloid cell differentiation","1/2","92/25615",0.0108695652173913,139.211956521739,11.7353796500603,0.00717053084120478,0.0204825479323952,NA,"Prmt1",1
"GO:0032008","positive regulation of TOR signaling","1/2","94/25615",0.0106382978723404,136.25,11.6084926968492,0.00732612540590272,0.0204825479323952,NA,"Prmt1",1
"GO:0072665","protein localization to vacuole","1/2","98/25615",0.0102040816326531,130.688775510204,11.366430387277,0.00763727795565405,0.0204825479323952,NA,"Prmt1",1
"GO:2000781","positive regulation of double-strand break repair","1/2","101/25615",0.0099009900990099,126.806930693069,11.1943647606028,0.00787061036077874,0.0204825479323952,NA,"Prmt1",1
"GO:0009308","amine metabolic process","1/2","102/25615",0.00980392156862745,125.563725490196,11.1386968864719,0.00794838173254664,0.0204825479323952,NA,"Srm",1
"GO:0006446","regulation of translational initiation","1/2","105/25615",0.00952380952380952,121.97619047619,10.9764726704708,0.00818167755802712,0.0204825479323952,NA,"Prmt1",1
"GO:1903432","regulation of TORC1 signaling","1/2","108/25615",0.00925925925925926,118.587962962963,10.821028210787,0.0084149459487749,0.0204825479323952,NA,"Prmt1",1
"GO:0030510","regulation of BMP signaling pathway","1/2","110/25615",0.00909090909090909,116.431818181818,10.7209356845097,0.00857044296775467,0.0204825479323952,NA,"Prmt1",1
"GO:0090288","negative regulation of cellular response to growth factor stimulus","1/2","111/25615",0.00900900900900901,115.382882882883,10.6719026133726,0.00864818690478908,0.0204825479323952,NA,"Prmt1",1
"GO:0045639","positive regulation of myeloid cell differentiation","1/2","122/25615",0.00819672131147541,104.979508196721,10.172803999907,0.00950316902412573,0.021542883286533,NA,"Prmt1",1
"GO:0038202","TORC1 signaling","1/2","124/25615",0.00806451612903226,103.286290322581,10.0892366736755,0.00965858069060266,0.021542883286533,NA,"Prmt1",1
"GO:0043414","macromolecule methylation","1/2","126/25615",0.00793650793650794,101.646825396825,10.0076574255709,0.00981398016386503,0.021542883286533,NA,"Prmt1",1
"GO:0051053","negative regulation of DNA metabolic process","1/2","134/25615",0.00746268656716418,95.5783582089552,9.69972477920892,0.010435456124767,0.0218597378799072,NA,"Prmt1",1
"GO:0000018","regulation of DNA recombination","1/2","144/25615",0.00694444444444444,88.9409722222222,9.35132145774423,0.0112120267285631,0.0218597378799072,NA,"Prmt1",1
"GO:0045739","positive regulation of DNA repair","1/2","146/25615",0.00684931506849315,87.722602739726,9.28594827909916,0.0113673042696785,0.0218597378799072,NA,"Prmt1",1
"GO:2000779","regulation of double-strand break repair","1/2","150/25615",0.00666666666666667,85.3833333333333,9.15912406820968,0.0116778227722645,0.0218597378799072,NA,"Prmt1",1
"GO:0090101","negative regulation of transmembrane receptor protein serine/threonine kinase signaling pathway","1/2","161/25615",0.0062111801242236,79.5496894409938,8.83492497991867,0.0125314971693226,0.0218597378799072,NA,"Prmt1",1
"GO:0032006","regulation of TOR signaling","1/2","162/25615",0.00617283950617284,79.0586419753086,8.80709103690729,0.0126090856428696,0.0218597378799072,NA,"Prmt1",1
"GO:0006413","translational initiation","1/2","167/25615",0.00598802395209581,76.6916167664671,8.67166845406397,0.0129969822860485,0.0218597378799072,NA,"Prmt1",1
"GO:0045727","positive regulation of translation","1/2","168/25615",0.00595238095238095,76.2351190476191,8.64530728279018,0.0130745524697731,0.0218597378799072,NA,"Prmt1",1
"GO:0007584","response to nutrient","1/2","170/25615",0.00588235294117647,75.3382352941176,8.59327986307209,0.0132296836923115,0.0218597378799072,NA,"Prmt1",1
"GO:0046328","regulation of JNK cascade","1/2","170/25615",0.00588235294117647,75.3382352941176,8.59327986307209,0.0132296836923115,0.0218597378799072,NA,"Prmt1",1
"GO:0030218","erythrocyte differentiation","1/2","176/25615",0.00568181818181818,72.7698863636364,8.4425190743689,0.013695004200639,0.0218597378799072,NA,"Prmt1",1
"GO:0030509","BMP signaling pathway","1/2","176/25615",0.00568181818181818,72.7698863636364,8.4425190743689,0.013695004200639,0.0218597378799072,NA,"Prmt1",1
"GO:0017148","negative regulation of translation","1/2","181/25615",0.00552486187845304,70.7596685082873,8.32261563205861,0.0140826874625605,0.0218597378799072,NA,"Prmt1",1
"GO:0000724","double-strand break repair via homologous recombination","1/2","186/25615",0.00537634408602151,68.8575268817204,8.20754616704531,0.0144702945168899,0.0218597378799072,NA,"Prmt1",1
"GO:0034101","erythrocyte homeostasis","1/2","187/25615",0.0053475935828877,68.4893048128342,8.18508383872052,0.0145478067828447,0.0218597378799072,NA,"Prmt1",1
"GO:0043409","negative regulation of MAPK cascade","1/2","187/25615",0.0053475935828877,68.4893048128342,8.18508383872052,0.0145478067828447,0.0218597378799072,NA,"Prmt1",1
"GO:0071772","response to BMP","1/2","190/25615",0.00526315789473684,67.4078947368421,8.11875634460054,0.014780325290887,0.0218597378799072,NA,"Prmt1",1
"GO:0071773","cellular response to BMP stimulus","1/2","190/25615",0.00526315789473684,67.4078947368421,8.11875634460054,0.014780325290887,0.0218597378799072,NA,"Prmt1",1
"GO:0000725","recombinational repair","1/2","191/25615",0.00523560209424084,67.0549738219895,8.09699263327811,0.0148578253636272,0.0218597378799072,NA,"Prmt1",1
"GO:0071230","cellular response to amino acid stimulus","1/2","194/25615",0.00515463917525773,66.0180412371134,8.03270664756332,0.0150903072920257,0.0218597378799072,NA,"Prmt1",1
"GO:0031929","TOR signaling","1/2","196/25615",0.00510204081632653,65.344387755102,7.9906655508155,0.015245280002773,0.0218597378799072,NA,"Prmt1",1
"GO:0007254","JNK cascade","1/2","201/25615",0.00497512437810945,63.7189054726368,7.88830078868147,0.0156326584343264,0.0218597378799072,NA,"Prmt1",1
"GO:0071229","cellular response to acid chemical","1/2","202/25615",0.00495049504950495,63.4034653465347,7.86828168803954,0.0157101249757261,0.0218597378799072,NA,"Prmt1",1
"GO:0009267","cellular response to starvation","1/2","203/25615",0.00492610837438424,63.0911330049261,7.84840952163905,0.0157875884688219,0.0218597378799072,NA,"Prmt1",1
"GO:0032259","methylation","1/2","213/25615",0.00469483568075117,60.1291079812207,7.65738792051835,0.0165620557430797,0.0225846214678359,NA,"Prmt1",1
"GO:0002262","myeloid cell homeostasis","1/2","229/25615",0.00436681222707424,55.9279475982533,7.37797961145095,0.0178005693347266,0.023722754081965,NA,"Prmt1",1
"GO:0045637","regulation of myeloid cell differentiation","1/2","232/25615",0.00431034482758621,55.2047413793103,7.32880674613628,0.0180327037565056,0.023722754081965,NA,"Prmt1",1
"GO:0006282","regulation of DNA repair","1/2","234/25615",0.00427350427350427,54.732905982906,7.29654673563509,0.0181874447961732,0.023722754081965,NA,"Prmt1",1
"GO:0043200","response to amino acid","1/2","238/25615",0.00420168067226891,53.813025210084,7.2332397388107,0.0184968902958641,0.0237817160946824,NA,"Prmt1",1
"GO:0051260","protein homooligomerization","1/2","243/25615",0.00411522633744856,52.7057613168724,7.15629439424918,0.0188836285836449,0.023894543720837,NA,"Prmt1",1
"GO:0042594","response to starvation","1/2","246/25615",0.0040650406504065,52.0630081300813,7.11124678741154,0.0191156349766696,0.023894543720837,NA,"Prmt1",1
"GO:0001101","response to acid chemical","1/2","255/25615",0.00392156862745098,50.2254901960784,6.98086100479768,0.019811489547344,0.0244251240994652,NA,"Prmt1",1
"GO:0090092","regulation of transmembrane receptor protein serine/threonine kinase signaling pathway","1/2","275/25615",0.00363636363636364,46.5727272727273,6.71415768715574,0.0213569490296648,0.0259746677387815,NA,"Prmt1",1
"GO:0031669","cellular response to nutrient levels","1/2","290/25615",0.00344827586206897,44.1637931034483,6.53231847073925,0.0225152434616898,0.0266916000555743,NA,"Prmt1",1
"GO:0048738","cardiac muscle tissue development","1/2","291/25615",0.00343642611683849,44.0120274914089,6.52069268074911,0.022592438704062,0.0266916000555743,NA,"Prmt1",1
"GO:1990830","cellular response to leukemia inhibitory factor","1/2","296/25615",0.00337837837837838,43.2685810810811,6.46344006539221,0.022978369191368,0.0266916000555743,NA,"Srm",1
"GO:1990823","response to leukemia inhibitory factor","1/2","298/25615",0.00335570469798658,42.9781879194631,6.44093882458625,0.0231327200481644,0.0266916000555743,NA,"Srm",1
"GO:0051054","positive regulation of DNA metabolic process","1/2","314/25615",0.00318471337579618,40.7882165605096,6.26864865885195,0.0243670879468076,0.0277599736102872,NA,"Prmt1",1
"GO:0006302","double-strand break repair","1/2","324/25615",0.00308641975308642,39.5293209876543,6.16743151115427,0.0251381716039812,0.0280169591155873,NA,"Prmt1",1
"GO:0051259","protein complex oligomerization","1/2","325/25615",0.00307692307692308,39.4076923076923,6.15756429449417,0.0252152632040286,0.0280169591155873,NA,"Prmt1",1
"GO:0090287","regulation of cellular response to growth factor stimulus","1/2","336/25615",0.00297619047619048,38.1175595238095,6.05191170319064,0.0260630696165042,0.0286058081156753,NA,"Prmt1",1
"GO:0006310","DNA recombination","1/2","353/25615",0.0028328611898017,36.2818696883853,5.89832304277372,0.0273725903940546,0.0296811221140351,NA,"Prmt1",1
"GO:0141091","transforming growth factor beta receptor superfamily signaling pathway","1/2","379/25615",0.00263852242744063,33.7928759894459,5.68345372082893,0.02937368287561,0.0314718030810108,NA,"Prmt1",1
"GO:0006417","regulation of translation","1/2","411/25615",0.0024330900243309,31.161800486618,5.44711963781325,0.0318337371040182,0.0337063098748428,NA,"Prmt1",1
"GO:0007178","cell surface receptor protein serine/threonine kinase signaling pathway","1/2","417/25615",0.00239808153477218,30.7134292565947,5.40581581412685,0.0322946497652252,0.0337967264984915,NA,"Prmt1",1
"GO:0048872","homeostasis of number of cells","1/2","439/25615",0.00227790432801822,29.1742596810934,5.26156432247003,0.0339837239787844,0.0350700032755828,NA,"Prmt1",1
"GO:1903706","regulation of hemopoiesis","1/2","443/25615",0.00225733634311512,28.910835214447,5.23647832135416,0.0342906698694587,0.0350700032755828,NA,"Prmt1",1
"GO:0140694","membraneless organelle assembly","1/2","488/25615",0.00204918032786885,26.2448770491803,4.97549537275106,0.0377404503847348,0.0378936306929187,NA,"Prmt1",1
"GO:0014706","striated muscle tissue development","1/2","490/25615",0.00204081632653061,26.1377551020408,4.96472241423106,0.0378936306929187,0.0378936306929187,NA,"Prmt1",1
