"","baseMean","log2FoldChange","lfcSE","stat","pvalue","padj"
"Nqo1",71.2249143940229,1.17259341074198,0.2162284003832,5.42293893246174,5.86270259747317e-08,0.000117986889774147
"Prmt1",332.851389932899,-0.69384556775832,0.130693891759963,-5.30893646531437,1.10266759400091e-07,0.000147941235528456
"Col3a1",379.81329698528,0.525853051432495,0.102379953958894,5.13628919625837,2.8021634407897e-07,0.000281967696229464
"Ccl7",228.793758244415,-0.91070836576877,0.179250343040081,-5.08065061591057,3.76144366412135e-07,0.000302796214961768
"Ankrd1",594.711542162259,-0.623641141884783,0.123873514042334,-5.03449947881235,4.7909898094327e-07,0.000321395566382777
"Rhox5",805.04141096807,0.539268745692909,0.109151704901569,4.94054349567157,7.79051111363306e-07,0.000447954389033901
"Mt1",137.16595923573,1.11618136978763,0.229877089919729,4.85555724660248,1.20048665369299e-06,0.000483195878111429
"Gstm1",117.837435982714,0.867320288356824,0.180707148644528,4.79959035855821,1.58990492119952e-06,0.000581760664348007
"Prss23",75.8071707881745,-0.907028981666306,0.218324508363491,-4.15449913738582,3.26000847243021e-05,0.00852919804460573
"Ccn1",261.039282552769,-0.70504264218953,0.171059407539445,-4.12162448316065,3.76210090196883e-05,0.00890732713554384
"Impact",76.4469490517792,0.889414117377853,0.219813581047148,4.0462200430968,5.20513079169936e-05,0.0110266586508368
"Neat1",207.635450607206,0.637276313378588,0.160192237819527,3.97819720888438,6.94397677150291e-05,0.0133092888120472
"Ccl2",3741.9131531489,-0.54870557115005,0.142580520538424,-3.84839085365927,0.000118896249173619,0.0217526092238098
"Serf1",85.7805693145919,0.659786949702176,0.175597864755633,3.75737455931116,0.000171705391245807,0.0300484434680163
